Team,Elo Rating
south_carolina_gamecocks,1784.4852679107828
florida_gulf_coast_eagles,1752.1857053492074
stephen_f_austin_ladyjacks,1717.633291453763
ucf_knights,1705.5205304276174
lsu_tigers,1674.670585643653
belmont_bruins,1672.1529181573917
ole_miss_rebels,1665.3251598421748
jackson_state_lady_tigers,1652.9447648598345
middle_tennessee_blue_raiders,1649.849569333698
troy_trojans,1647.318864157857
south_florida_bulls,1637.0256989854297
louisiana_tech_lady_techsters,1628.885306199096
georgia_lady_bulldogs,1626.1453843341087
tennessee_lady_volunteers,1625.398699255736
georgia_tech_yellow_jackets,1625.3109370769826
arkansas_razorbacks,1607.8258248366872
charlotte_49ers,1605.5634649074468
florida_gators,1601.7635316272906
jacksonville_state_gamecocks,1592.2430240371386
alabama_crimson_tide,1588.4503214647489
louisiana_ragin_cajuns,1586.2665935186806
florida_state_seminoles,1585.233188382632
little_rock_trojans,1585.1394734686435
stetson_hatters,1582.603739489662
tulane_green_wave,1576.9287679827798
mercer_bears,1575.976176124427
charleston_cougars,1575.2602992641955
miami_hurricanes,1570.91845037115
georgia_southern_eagles,1570.1889218866836
se_louisiana_lady_lions,1565.5605471312676
furman_paladins,1563.5236091065096
houston_cougars,1560.4639506407168
south_carolina_upstate_spartans,1557.6082000283159
wofford_terriers,1548.968026708474
davidson_wildcats,1547.9887599247727
memphis_tigers,1547.4317527396956
high_point_panthers,1544.6595232704183
rice_owls,1539.0014802555042
tennessee_tech_golden_eagles,1537.5429887837763
oral_roberts_golden_eagles,1527.2430226050624
elon_phoenix,1520.3134731106072
southern_miss_lady_eagles,1516.0925518981667
tulsa_golden_hurricane,1514.0157391166288
jacksonville_dolphins,1513.7863416090995
freed_hardeman_lions,1506.5816244819002
gardner_webb_runnin_bulldogs,1505.0227612006722
houston_christian_huskies,1488.7685250761695
alabama_state_lady_hornets,1471.7893561133976
