Team,Elo Rating
louisville_cardinals,1712.0973469650796
virginia_tech_hokies,1703.5428585411398
iowa_hawkeyes,1684.014565502462
michigan_wolverines,1677.331359566213
iowa_state_cyclones,1677.001170655771
dayton_flyers,1670.1674540916754
iu_indianapolis_jaguars,1666.1725638954767
indiana_hoosiers,1664.5421400667433
ohio_state_buckeyes,1660.7973851588679
toledo_rockets,1648.2978378983973
kentucky_wildcats,1646.9353273247127
notre_dame_fighting_irish,1638.7271977954895
missouri_state_lady_bears,1636.4694313713446
murray_state_racers,1630.3260861703334
kansas_city_roos,1616.9614915260427
cleveland_state_vikings,1615.3862016317526
depaul_blue_demons,1611.9369425648179
southern_illinois_salukis,1610.4817881349993
northern_iowa_panthers,1609.7690241587432
kansas_jayhawks,1597.910818916504
kent_state_golden_flashes,1585.4518576369837
youngstown_state_penguins,1584.847464470189
missouri_tigers,1576.0209765391714
ball_state_cardinals,1570.5171697223532
northwestern_wildcats,1568.654459757224
drake_bulldogs,1568.1290544534063
loyola_chicago_ramblers,1565.7649040602732
michigan_state_spartans,1561.691784686376
northern_kentucky_norse,1560.2558086307984
austin_peay_governors,1555.3612944182448
illinois_state_redbirds,1550.7454956765664
marquette_golden_eagles,1548.9846759625118
ohio_bobcats,1544.484863556083
green_bay_phoenix,1543.1158624852903
western_michigan_broncos,1538.98907197229
app_state_mountaineers,1536.2697999142765
purdue_boilermakers,1532.5433705080952
akron_zips,1528.5580322841238
eastern_illinois_panthers,1526.418507419913
marshall_thundering_herd,1520.8461113729466
unc_pembroke_braves,1515.2318831191153
western_kentucky_lady_toppers,1507.365503242745
coker_cobras,1498.0006349843707
