Team,Elo Rating
nc_state_wolfpack,1798.054861308578
south_carolina_gamecocks,1784.4852679107828
uconn_huskies,1758.7693157654203
florida_gulf_coast_eagles,1752.1857053492074
stanford_cardinal,1748.3772721657522
baylor_bears,1740.2601019965045
byu_cougars,1733.9579903545077
stephen_f_austin_ladyjacks,1717.633291453763
gonzaga_bulldogs,1712.6838698350873
louisville_cardinals,1712.0973469650796
texas_longhorns,1707.9399946707595
ucf_knights,1705.5205304276174
virginia_tech_hokies,1703.5428585411398
south_dakota_state_jackrabbits,1696.5508861838148
south_dakota_coyotes,1692.589888085062
princeton_tigers,1687.4545740661924
iowa_hawkeyes,1684.014565502462
maryland_terrapins,1683.3004194486439
liberty_flames,1678.3998109254442
michigan_wolverines,1677.331359566213
north_carolina_tar_heels,1677.1761075455472
iowa_state_cyclones,1677.001170655771
lsu_tigers,1674.670585643653
creighton_bluejays,1672.6799841913169
belmont_bruins,1672.1529181573917
dayton_flyers,1670.1674540916754
massachusetts_minutewomen,1669.2363450049847
nebraska_cornhuskers,1668.8864114355551
iu_indianapolis_jaguars,1666.1725638954767
ole_miss_rebels,1665.3251598421748
indiana_hoosiers,1664.5421400667433
ohio_state_buckeyes,1660.7973851588679
towson_tigers,1659.5722067746872
unlv_lady_rebels,1655.38097552737
colorado_buffaloes,1653.478325572401
jackson_state_lady_tigers,1652.9447648598345
middle_tennessee_blue_raiders,1649.849569333698
rhode_island_rams,1648.9906421906564
toledo_rockets,1648.2978378983973
troy_trojans,1647.318864157857
kentucky_wildcats,1646.9353273247127
notre_dame_fighting_irish,1638.7271977954895
buffalo_bulls,1638.622721800485
south_florida_bulls,1637.0256989854297
missouri_state_lady_bears,1636.4694313713446
oklahoma_sooners,1633.6989906854599
murray_state_racers,1630.3260861703334
louisiana_tech_lady_techsters,1628.885306199096
arizona_wildcats,1626.465191855777
georgia_lady_bulldogs,1626.1453843341087
tennessee_lady_volunteers,1625.398699255736
georgia_tech_yellow_jackets,1625.3109370769826
fairfield_stags,1623.9901649545325
utah_utes,1623.4319716696446
portland_pilots,1622.0141653698129
drexel_dragons,1621.123163415006
oregon_ducks,1620.7486858822235
kansas_city_roos,1616.9614915260427
delaware_blue_hens,1616.492005466495
cleveland_state_vikings,1615.3862016317526
stony_brook_seawolves,1612.6475581931272
depaul_blue_demons,1611.9369425648179
southern_illinois_salukis,1610.4817881349993
northern_iowa_panthers,1609.7690241587432
arkansas_razorbacks,1607.8258248366872
charlotte_49ers,1605.5634649074468
kansas_state_wildcats,1605.4232546079297
villanova_wildcats,1602.562384987229
florida_gators,1601.7635316272906
colorado_state_rams,1599.8866640443143
columbia_lions,1599.7785123164044
uc_irvine_anteaters,1598.5370152870585
kansas_jayhawks,1597.910818916504
longwood_lancers,1595.4156526461531
jacksonville_state_gamecocks,1592.2430240371386
ualbany_great_danes,1591.0210239709113
coastal_carolina_chanticleers,1590.818187212771
ut_arlington_mavericks,1588.83427171785
boston_college_eagles,1588.6731818888022
alabama_crimson_tide,1588.4503214647489
north_texas_mean_green,1588.2937380075107
new_mexico_lobos,1588.002909881616
louisiana_ragin_cajuns,1586.2665935186806
kent_state_golden_flashes,1585.4518576369837
florida_state_seminoles,1585.233188382632
little_rock_trojans,1585.1394734686435
youngstown_state_penguins,1584.847464470189
ucla_bruins,1583.4619268292283
stetson_hatters,1582.603739489662
arizona_state_sun_devils,1582.0332295603835
manhattan_jaspers,1580.737507895699
montana_lady_griz,1579.2862770141116
long_beach_state_beach,1578.0480812589
old_dominion_monarchs,1577.8855648300196
bucknell_bison,1577.2370153630568
campbell_fighting_camels,1577.1342245278497
tulane_green_wave,1576.9287679827798
san_francisco_dons,1576.429488169425
texas_am_aggies,1576.2630296387276
missouri_tigers,1576.0209765391714
mercer_bears,1575.976176124427
charleston_cougars,1575.2602992641955
fordham_rams,1574.9966597760804
pennsylvania_quakers,1573.5865365694374
california_baptist_lancers,1572.4571659084356
lehigh_mountain_hawks,1572.2735545030087
wake_forest_demon_deacons,1571.6893032440346
miami_hurricanes,1570.91845037115
ball_state_cardinals,1570.5171697223532
abilene_christian_wildcats,1570.4119390840171
georgia_southern_eagles,1570.1889218866836
northwestern_wildcats,1568.654459757224
drake_bulldogs,1568.1290544534063
quinnipiac_bobcats,1567.6224559430264
loyola_chicago_ramblers,1565.7649040602732
se_louisiana_lady_lions,1565.5605471312676
furman_paladins,1563.5236091065096
wyoming_cowgirls,1562.350929979754
seton_hall_pirates,1562.3085316867293
michigan_state_spartans,1561.691784686376
vermont_catamounts,1561.5164026026005
southern_utah_thunderbirds,1560.4670027727132
houston_cougars,1560.4639506407168
northern_kentucky_norse,1560.2558086307984
holy_cross_crusaders,1558.3910358881162
south_carolina_upstate_spartans,1557.6082000283159
maine_black_bears,1555.646730346158
vcu_rams,1555.6458527563436
washington_state_cougars,1555.3765093684926
austin_peay_governors,1555.3612944182448
air_force_falcons,1553.1792358655891
tarleton_state_texans,1550.9706556184876
illinois_state_redbirds,1550.7454956765664
montana_state_bobcats,1550.2452820833853
richmond_spiders,1549.2154479418932
marquette_golden_eagles,1548.9846759625118
wofford_terriers,1548.968026708474
davidson_wildcats,1547.9887599247727
american_university_eagles,1547.8895657953556
memphis_tigers,1547.4317527396956
oregon_state_beavers,1546.7072164385697
north_dakota_state_bison,1546.538468515921
northern_colorado_bears,1546.0669563389315
northern_arizona_lumberjacks,1545.3633294187414
high_point_panthers,1544.6595232704183
ohio_bobcats,1544.484863556083
green_bay_phoenix,1543.1158624852903
texas_am_corpus_christi_islanders,1543.0634158281998
north_florida_ospreys,1542.2851638635211
howard_bison,1541.9628319296544
eastern_kentucky_colonels,1539.2908134118939
rice_owls,1539.0014802555042
western_michigan_broncos,1538.98907197229
mount_st_marys_mountaineers,1538.854562371592
utah_valley_wolverines,1538.4865013900899
vanderbilt_commodores,1537.7254800230826
tennessee_tech_golden_eagles,1537.5429887837763
grand_canyon_lopes,1536.6927115875676
nevada_wolf_pack,1536.621385650923
app_state_mountaineers,1536.2697999142765
uc_davis_aggies,1535.0625951271272
arkansas_state_red_wolves,1534.6430974372176
uc_riverside_highlanders,1534.610148922887
west_virginia_mountaineers,1532.658958685477
purdue_boilermakers,1532.5433705080952
san_diego_toreros,1531.4860912989666
akron_zips,1528.5580322841238
smu_mustangs,1527.9945922349577
morgan_state_lady_bears,1527.3408753102408
oral_roberts_golden_eagles,1527.2430226050624
hawaii_rainbow_wahine,1526.8292870325477
eastern_illinois_panthers,1526.418507419913
east_carolina_pirates,1526.38869666794
harvard_crimson,1525.9559673942792
yale_bulldogs,1525.8150643001468
bowling_green_falcons,1525.745251378628
duke_blue_devils,1524.9178796639474
fairleigh_dickinson_knights,1524.410073463399
new_mexico_state_aggies,1523.5589466788203
ut_martin_skyhawks,1522.8670473026123
california_golden_bears,1522.3587279923695
usc_trojans,1521.529174240157
mississippi_state_bulldogs,1521.365933893799
marshall_thundering_herd,1520.8461113729466
boston_university_terriers,1520.3843849157904
elon_phoenix,1520.3134731106072
maryland_eastern_shore_hawks,1518.4512287169505
minnesota_golden_gophers,1517.3450715600095
southern_miss_lady_eagles,1516.0925518981667
army_black_knights,1515.9392954892978
mcneese_cowgirls,1515.7046888234165
wichita_state_shockers,1515.7000809974497
texas_tech_lady_raiders,1515.6703502325286
lamar_cardinals,1515.5422050618492
unc_pembroke_braves,1515.2318831191153
uc_san_diego_tritons,1515.0807002051704
norfolk_state_spartans,1514.9950291268149
milwaukee_panthers,1514.1445586218013
tulsa_golden_hurricane,1514.0157391166288
jacksonville_dolphins,1513.7863416090995
northeastern_huskies,1512.862565650703
idaho_state_bengals,1508.4369918077302
la_salle_explorers,1508.232543121219
james_madison_dukes,1507.370024343413
western_kentucky_lady_toppers,1507.365503242745
uab_blazers,1506.9406610346648
freed_hardeman_lions,1506.5816244819002
pittsburgh_panthers,1506.4059468497608
texas_am_international_dustdevils,1505.9950993781465
wagner_seahawks,1505.6716235074825
northwestern_state_lady_demons,1505.5184456239938
gardner_webb_runnin_bulldogs,1505.0227612006722
arkansas_pine_bluff_golden_lions,1503.6443080994902
san_diego_state_aztecs,1503.0640691599483
santa_clara_broncos,1502.9558754502498
idaho_vandals,1502.1097700964683
coppin_state_eagles,1500.6588502701147
montana_state_billings_yellowjackets,1499.6778887515873
binghamton_bearcats,1499.5349032302631
st_johns_red_storm,1499.49185596371
coker_cobras,1498.0006349843707
duquesne_dukes,1497.8304020564065
westminster_ut_griffins,1496.882394827125
mayville_st_comets,1496.5451345415722
oakland_golden_grizzlies,1496.43739895682
philander_smith_panthers,1496.383843792468
georgia_state_panthers,1496.3180439880914
oklahoma_state_cowgirls,1495.711625087487
molloy_lions,1495.6046087606
cs_dominguez_hills_toros,1495.4364304357919
western_illinois_leathernecks,1495.2633711901128
fresno_state_bulldogs,1494.567479048592
florida_international_panthers,1494.2940008456806
mount_olive_trojans,1493.8008194445642
rutgers_scarlet_knights,1493.7482314026959
uc_santa_barbara_gauchos,1493.4089824905288
carroll_mt_fighting_saints,1492.525723749506
colorado_mesa_mavericks,1492.4484917243676
saint_marys_gaels,1492.1089212104962
pittsburgh_johnstown_mountain_cats,1490.556595866223
george_washington_revolutionaries,1490.2692405409487
loyola_new_orleans_wolfpack,1489.8869513882544
regis_co_rangers,1489.6171277340404
biola_eagles,1488.9089613760016
houston_christian_huskies,1488.7685250761695
taylor_trojans,1488.5544341410705
north_alabama_lions,1488.5143278491535
incarnate_word_cardinals,1488.5138610464749
texas_am_texarkana_eagles,1488.4154682485812
edward_waters_tigers,1488.332291690928
eastern_washington_eagles,1488.1111849493304
texas_state_bobcats,1487.7932086642807
texas_lutheran_bulldogs,1487.5669687462166
briar_cliff_chargers,1486.644999815725
fort_valley_state_wildcats,1485.36477256165
clemson_tigers,1485.3645120700546
texas_am_kingsville_javelinas,1485.2438285099192
campbellsville_harrodsburg_pioneers,1485.0270915725314
colorado_colorado_springs_mountain_lions,1484.702422668855
chadron_state_eagles,1484.45895037522
blue_mountain_college_toppers,1484.4427325894685
st_francis_brooklyn_terriers,1484.16511501819
louisiana_christian_wildcats,1483.8234943696373
unc_greensboro_spartans,1483.6809936939876
auburn_tigers,1483.6369050033131
lee_flames,1483.616261352487
washington_huskies,1483.4841931637109
piedmont_lions,1483.4544645794845
sonoma_st_cossacks,1483.0185459262598
king_tn_tornado,1482.9893201762638
north_carolina_at_aggies,1482.7181764831225
belmont_abbey_crusaders,1482.5407276663557
university_of_health_sciences_pharmacy_eutectics,1482.27436141413
north_dakota_fighting_hawks,1481.6633071701838
tougaloo_bulldogs,1481.4431552585665
chestnut_hill_college_griffins,1481.2501509814742
transylvania_pioneers,1481.182026760461
northern_illinois_huskies,1481.0086793931719
texas_wesleyan_rams,1480.7407224797485
claflin_panthers,1480.6219952757076
western_oregon_wolves,1480.5450708591372
montevallo_falcons,1480.1819092606945
talladega_tornadoes,1480.0280313181004
sacramento_state_hornets,1479.9721950440464
college_of_st_mary_flames,1479.4031741226768
florida_memorial_lions,1479.1689800186405
st_francis_il_fighting_saints,1478.8442974846776
chowan_hawks,1478.7161542641456
kansas_wesleyan_coyotes,1478.5869973183017
spring_hill_badgers,1478.4697049733868
young_harris_college_mountain_lions,1478.2482786912044
frostburg_state_bobcats,1478.1718541976527
northwest_nazarene_nighthawks,1478.1066362383583
angelo_state_rams,1477.926003504064
alderson_broaddus_battlers,1477.7058149163588
lake_erie_storm,1477.703634041125
kings_pa_monarchs,1477.6627849229005
csu_pueblo_thunderwolves,1477.6148756428433
winston_salem_rams,1477.4872193686756
iona_gaels,1477.3904366813392
utah_tech_trailblazers,1477.0707955583634
ut_rio_grande_valley_vaqueros,1476.9753795063205
columbia_international_columbia_intl,1476.0707455132733
bushnell_beacons,1475.961437459993
lock_haven_university_bald_eagles,1475.9087536734326
st_thomas_tx_celts,1475.809600190055
simpson_college_ia_storm,1475.3330370381375
pikeville_bears,1475.270118566887
midway_university_midway,1475.1544385705151
william_peace,1475.041909468306
washington_adventist_shock,1474.9970295169696
cumberland_ky_indians,1474.9410201780731
converse,1474.8047734791412
utep_miners,1474.56232220055
lagrange_panthers,1474.4676548550676
bowie_state_bulldogs,1474.4627468871795
lindenwood_lions,1474.364510974356
connecticut_college_camels,1474.3231412210584
cal_lutheran_kingsmen,1473.8874160379626
union_ny_garnet_chargers,1473.856862119002
salem_university,1473.7813434646564
minnesota_morris_cougars,1473.7763557930436
asbury_eagles,1473.6250601255047
west_chester_golden_rams,1473.5955299102
oregon_tech_hustlin_owls,1473.5566025078651
unt_dallas_trailblazers,1473.4625530840856
paul_quinn_tigers,1473.4331174861295
immaculata_mighty_macs,1473.253902055121
lsu_alexandria_generals,1473.0513930137317
point_park_pioneers,1472.7948152749025
bob_jones,1472.7928148387396
mercyhurst_lakers,1472.5698224902412
baker_university_baker,1472.5332476443527
bethel_tn_wildcats,1472.3803748301168
slippery_rock_the_rock,1472.3484641647813
life_university_running_eagles,1472.2838947482444
brewton_parker_wildcats,1472.0934651919524
multnomah_university_multnomah,1472.059557553315
upper_iowa_peacocks,1471.8882839972835
alabama_state_lady_hornets,1471.7893561133976
university_of_the_southwest_mustangs,1471.5106649641207
harris_stowe_state_hornets,1471.2493762952572
davis_elkins_senators,1471.1913529272279
university_of_the_ozarks_eagles,1471.1671417338493
louisiana_christian_university_wildcats,1471.1075505716826
greenville_panthers,1471.067410298937
faulkner_eagles,1471.0369544027235
alabama_am_bulldogs,1470.7192900276684
emory_henry_wasps,1470.64804509295
saint_peters_peacocks,1470.5132646753639
tennessee_southern_firehawks,1470.424044462672
southern_wesleyan_warriors,1470.3901343081056
mcmurry_war_hawks,1470.3334612566393
florida_national_conquistadors,1470.1797301102883
dakota_wesleyan_tigers,1469.8475754581907
arizona_christian_firestorm,1469.6722946638813
missouri_science_technology_miners,1469.4558693908236
ohio_christian_trailblazers,1469.3388244576995
wiley_wildcats,1469.2748841948435
academy_of_art_urban_knights,1469.2676006548702
john_carroll_blue_streaks,1468.9577906652878
mobile_rams,1468.9480161053602
temple_owls,1468.9039249482998
caldwell_cougars,1468.8729404587928
east_stroudsburg_university_warriors,1468.8482247322725
dickinson_state_nd_blue_hawks,1468.572885693321
jamestown_jimmies,1468.4825175481706
jessup_university_warriors,1468.366829635127
notre_dame_college_oh_blue_falcons,1467.9866729222306
stanislaus_state_warriors,1467.2694796160702
blackburn_beavers,1466.9061940716206
holy_names_university_hawks,1466.6838908398013
sam_houston_bearkats,1466.6089352495515
lewis_clark_st_warriors,1466.547952059453
stephens,1466.334867463287
william_jewell_cardinals,1466.2767693646808
notre_dame_of_maryland_university_gators,1466.1518661125576
haskell_jayhawks,1466.0912553872342
texas_college_steers,1465.9295364955753
webber_international_warriors,1465.830981637375
mid_atlantic_christian_mustangs,1465.770400124656
gettysburg_bullets,1465.5861999340211
alabama_huntsville_chargers,1465.520189163054
saint_josephs_hawks,1465.4127948099508
western_new_mexico_mustangs,1465.3106675184986
northwest_university_eagles,1465.2007393820795
central_christian_college_central_christian_college,1464.3874369370624
xavier_la_gold_rush,1463.8508494869795
kennesaw_state_owls,1463.5727872143827
st_andrews_knights,1463.4087116169856
st_bonaventure_bonnies,1463.3035467603854
brevard_tornados,1463.2041346695476
montreat_cavaliers,1463.1186117364487
presbyterian_blue_hose,1463.0866919290752
spalding_pelicans,1463.0132849591942
saint_louis_billikens,1462.9914117016922
bryn_athyn_lions,1462.9666245304195
samford_bulldogs,1462.3497697873722
warren_wilson_owls,1461.83324751578
niagara_purple_eagles,1461.6300970490108
union_ky_bulldogs,1461.3690969869758
ursinus_bears,1461.0427945458514
lafayette_leopards,1460.6074284548824
mansfield_mountaineers,1460.5194205348162
arkansas_baptist_buffaloes,1460.4797362489508
syracuse_orange,1460.3949601635943
oakwood_ambassadors,1459.729665822914
thomas_ga_night_hawks,1459.5254213739383
graceland_university_graceland,1459.180812937682
bryant_bulldogs,1459.0214416307151
quincy_hawks,1459.0185128075314
siu_edwardsville_cougars,1459.0179454143445
siena_saints,1458.8989293704676
wesleyan_college_ga_wolves,1458.5012772157402
randolph_college_wildcats,1458.1115245919996
cal_state_la_golden_eagles,1457.9799545390122
shorter_hawks,1457.8817665230395
monmouth_hawks,1457.6469883545444
northland_lumberjacks,1457.223943933271
olivet_comets,1457.1742151136284
southwestern_assemblies_of_god_lions,1457.0474881510545
colorado_christian_cougars,1456.7495250446352
central_arkansas_sugar_bears,1456.3920843882509
schreiner_mountaineers,1456.3345641828519
valley_forge_patriots,1456.3093281146905
johnson_wales_nc_wildcats,1454.3727015720294
millersville_marauders,1454.3630045106765
auburn_montgomery_senators,1453.8627680809018
boise_state_broncos,1453.4770741582493
lenoir_rhyne_bears,1453.4232395070158
william_carey_crusaders,1452.8544969035056
oakland_city_mighty_oaks,1452.8315257441545
manchester_spartans,1452.025386006176
central_baptist_college_mustangs,1451.8236749755495
ecclesia_royals,1451.3665306794119
palm_beach_atlantic_sailfish,1451.2138266541226
johnson_university_fl_suns,1450.8886788650461
huston_tillotson_rams,1450.2800083633956
clarion_golden_eagles,1450.240058999062
miami_oh_redhawks,1449.4214922611263
eastern_michigan_eagles,1448.4071468615466
simpson_university_ca_red_hawks,1448.2016071548255
trinity_baptist_eagles,1447.1531557276078
purdue_fort_wayne_mastodons,1446.429489515799
carver_college_cougars,1445.9668970240323
southern_jaguars,1444.9726996165564
weber_state_wildcats,1444.3734222614844
tennessee_wesleyan_bulldogs,1444.2327793746779
champion_christian_tigers,1443.6727739089445
njit_highlanders,1443.6724453693878
jarvis_christian_bulldogs,1443.4944484780895
bluefield_state_big_blues,1443.0603383370212
umass_lowell_river_hawks,1442.6449038181934
centenary_la_gentlemen,1442.149852377671
providence_friars,1441.6091801658151
howard_payne_yellow_jackets,1441.4627376290903
hendrix_college_warriors,1441.1256452282737
lipscomb_bisons,1441.117740765576
st_edwards_hilltoppers,1440.2807445713515
valparaiso_beacons,1439.8677480910712
seattle_u_redhawks,1438.820951006544
robert_morris_colonials,1438.5113146668557
navy_midshipmen,1437.8577954998975
indiana_state_sycamores,1437.749453256832
radford_highlanders,1437.7493238396346
grace_christian_university_tigers,1437.7004261932038
university_of_science_and_arts_drovers,1437.6270030443293
warner_pacific_knights,1437.355067174368
lees_mcrae_bobcats,1436.0611444371077
kentucky_state_thorobreds,1435.9139290463252
pfeiffer_falcons,1435.8903617454903
penn_state_lady_lions,1435.6308616815604
lsu_shreveport_pilots,1435.474266014489
missouri_baptist_spartans,1431.733269807741
life_pacific,1431.3087162675433
merrimack_warriors,1430.8295807276288
evergreen_state_geoducks,1430.0587918852912
nelson_lions,1429.9859950865268
ave_maria_gyrenes,1429.5119114638744
virginia_cavaliers,1429.0065439706511
evansville_purple_aces,1428.4957389636877
warner_university_royals,1428.451256552898
erskine_flying_fleet,1426.3334272611796
wisconsin_badgers,1425.7595233953712
george_mason_patriots,1425.080083572333
florida_atlantic_owls,1424.2459060319586
prairie_view_am_lady_panthers,1424.1557239116628
cal_state_fullerton_titans,1424.086165391535
agnes_scott_college_scotties,1424.0636544045533
uc_merced_bobcats,1423.6150434597068
cal_state_northridge_matadors,1423.059978122227
bradley_braves,1422.7524443494763
william_mary_tribe,1422.5751203341104
new_orleans_privateers,1422.083265521559
new_hampshire_wildcats,1420.8327198677002
mars_hill_mountain_lions,1420.6807198387112
texas_southern_tigers,1420.2928962323772
cal_state_bakersfield_roadrunners,1418.114564311191
chattanooga_mocs,1417.7625175434684
park_university_gilbert_buccaneers,1417.4232611658795
south_alabama_jaguars,1417.3484622598419
loyola_marymount_lions,1417.2446917890668
westcliff_warriors,1416.2232631124407
georgetown_hoyas,1415.308228879488
rider_broncs,1413.7511191768833
pepperdine_waves,1413.316836347039
cincinnati_bearcats,1413.260766026904
cornell_big_red,1412.7520183349147
hampton_lady_pirates,1412.227564749069
tcu_horned_frogs,1410.8582882292228
pacific_tigers,1409.9703747396393
utah_state_aggies,1409.43914725487
unc_asheville_bulldogs,1408.1963890600234
bethesda_university_lion_angels,1408.1419607327286
antelope_valley,1406.9597550166216
sacred_heart_pioneers,1405.5198309989287
canisius_golden_griffins,1405.3737058045328
denver_pioneers,1404.784449656184
hofstra_pride,1404.4676757124976
marist_red_foxes,1403.8059990223649
long_island_university_sharks,1403.600026759781
tennessee_state_lady_tigers,1396.920596336673
xavier_musketeers,1396.6716359243462
east_tennessee_state_bucs,1391.1285316736269
utsa_roadrunners,1388.1472357736282
st_francis_pa_red_flash,1387.9247454083843
chicago_state_cougars,1387.738031186916
omaha_mavericks,1387.023988209433
ul_monroe_warhawks,1380.9606040930657
grambling_lady_tigers,1379.3266521467326
nicholls_colonels,1378.939371839689
fisher_college_eagles,1378.6184031321857
colgate_raiders,1376.5097880169487
southeast_missouri_state_redhawks,1375.4113963161597
central_connecticut_blue_devils,1375.1086611516807
bellarmine_knights,1374.0883424774634
umbc_retrievers,1373.8304077093082
illinois_fighting_illini,1372.8417615179555
central_michigan_chippewas,1372.1946261037112
arlington_baptist_patriots,1371.912963281953
st_thomas_minnesota_tommies,1370.4088359714608
western_carolina_catamounts,1370.1806997455776
loyola_maryland_greyhounds,1369.519192471361
cal_poly_mustangs,1366.6198995405418
bethune_cookman_wildcats,1363.6358346182099
brown_bears,1362.8396013956542
north_carolina_central_eagles,1361.6273418564845
san_jose_state_spartans,1361.469521730965
wright_state_raiders,1356.9085676919149
uic_flames,1350.4351029127156
mississippi_valley_state_devilettes,1349.1525905331318
unc_wilmington_seahawks,1339.834679645838
alcorn_state_lady_braves,1325.3843752577598
winthrop_eagles,1324.1276514301776
portland_state_vikings,1324.0762769884636
detroit_mercy_titans,1318.1182124126772
hartford_hawks,1318.0592203689628
south_carolina_state_lady_bulldogs,1316.8067113660607
morehead_state_eagles,1307.3768076484012
dartmouth_big_green,1303.0568226309526
butler_bulldogs,1282.2660536804192
florida_am_rattlers,1272.9279159890548
charleston_southern_buccaneers,1245.1823078436998
delaware_state_hornets,1238.716662719263
