Team,Elo Rating
stanford_cardinal,1748.3772721657522
baylor_bears,1740.2601019965045
byu_cougars,1733.9579903545077
gonzaga_bulldogs,1712.6838698350873
texas_longhorns,1707.9399946707595
south_dakota_state_jackrabbits,1696.5508861838148
south_dakota_coyotes,1692.589888085062
creighton_bluejays,1672.6799841913169
nebraska_cornhuskers,1668.8864114355551
unlv_lady_rebels,1655.38097552737
colorado_buffaloes,1653.478325572401
oklahoma_sooners,1633.6989906854599
arizona_wildcats,1626.465191855777
utah_utes,1623.4319716696446
portland_pilots,1622.0141653698129
oregon_ducks,1620.7486858822235
kansas_state_wildcats,1605.4232546079297
colorado_state_rams,1599.8866640443143
uc_irvine_anteaters,1598.5370152870585
ut_arlington_mavericks,1588.83427171785
north_texas_mean_green,1588.2937380075107
new_mexico_lobos,1588.002909881616
ucla_bruins,1583.4619268292283
montana_lady_griz,1579.2862770141116
long_beach_state_beach,1578.0480812589
san_francisco_dons,1576.429488169425
california_baptist_lancers,1572.4571659084356
abilene_christian_wildcats,1570.4119390840171
wyoming_cowgirls,1562.350929979754
southern_utah_thunderbirds,1560.4670027727132
washington_state_cougars,1555.3765093684926
air_force_falcons,1553.1792358655891
tarleton_state_texans,1550.9706556184876
montana_state_bobcats,1550.2452820833853
northern_arizona_lumberjacks,1545.3633294187414
texas_am_corpus_christi_islanders,1543.0634158281998
utah_valley_wolverines,1538.4865013900899
grand_canyon_lopes,1536.6927115875676
nevada_wolf_pack,1536.621385650923
uc_davis_aggies,1535.0625951271272
uc_riverside_highlanders,1534.610148922887
san_diego_toreros,1531.4860912989666
hawaii_rainbow_wahine,1526.8292870325477
idaho_state_bengals,1508.4369918077302
texas_am_international_dustdevils,1505.9950993781465
santa_clara_broncos,1502.9558754502498
uc_santa_barbara_gauchos,1493.4089824905288
texas_state_bobcats,1487.7932086642807
